isabellehatier https://www.instagram.com/isabellehatier/
melissa.sophrologie https://www.instagram.com/melissa.sophrologie/
celialobo.studio https://www.instagram.com/celialobo.studio/
isabellehatier https://www.instagram.com/isabellehatier/
encore_un_pas https://www.instagram.com/encore_un_pas/
hadeelwords https://www.instagram.com/hadeelwords/
myr_medias https://www.instagram.com/myr_medias/
hadeelwords https://www.instagram.com/hadeelwords/
myr_medias https://www.instagram.com/myr_medias/
lecocondalfred https://www.instagram.com/lecocondalfred/
breathelife_sophrologie https://www.instagram.com/breathelife_sophrologie/
ma_pause_sophrodujour https://www.instagram.com/ma_pause_sophrodujour/
carinedelamare_sophro https://www.instagram.com/carinedelamare_sophro/
narrature.fr https://www.instagram.com/narrature.fr/
sophrologie_ecoutez_vous https://www.instagram.com/sophrologie_ecoutez_vous/
bienrelax_ https://www.instagram.com/bienrelax_/
ml_pochet_sophrologue https://www.instagram.com/ml_pochet_sophrologue/
mapetitesophro https://www.instagram.com/mapetitesophro/
warrior_therapie https://www.instagram.com/warrior_therapie/
breathe_sophro https://www.instagram.com/breathe_sophro/
lajoliesophrologie https://www.instagram.com/lajoliesophrologie/
stephanie.chinarro_sophrologue https://www.instagram.com/stephanie.chinarro_sophrologue/
lajoliesophrologie https://www.instagram.com/lajoliesophrologie/
mary_line_sophrologue_ https://www.instagram.com/mary_line_sophrologue_/
unsoufflealavie https://www.instagram.com/unsoufflealavie/
sophrologue.audreybailly https://www.instagram.com/sophrologue.audreybailly/
romain_leclerc_sophrologue https://www.instagram.com/romain_leclerc_sophrologue/
chantalmaille.psychologie https://www.instagram.com/chantalmaille.psychologie/
naturosophrobyxtian https://www.instagram.com/naturosophrobyxtian/
ib_seo_local_fr https://www.instagram.com/ib_seo_local_fr/
pranasophrologie https://www.instagram.com/pranasophrologie/
projetevol https://www.instagram.com/projetevol/
carp0diem https://www.instagram.com/carp0diem/
turida4 https://www.instagram.com/turida4/
hotspidermen https://www.instagram.com/hotspidermen/
yoni_fitness https://www.instagram.com/yoni_fitness/
charly_evt https://www.instagram.com/charly_evt/
hotspidermen https://www.instagram.com/hotspidermen/
everyday_dreams https://www.instagram.com/everyday_dreams/
hotsingletguys https://www.instagram.com/hotsingletguys/
gabriel_biefnot_ifbb https://www.instagram.com/gabriel_biefnot_ifbb/
val3ntyna_ https://www.instagram.com/val3ntyna_/
cestmoimorraylecuistot https://www.instagram.com/cestmoimorraylecuistot/
carlacarinho10 https://www.instagram.com/carlacarinho10/
ronald8457 https://www.instagram.com/ronald8457/
coach_hccc https://www.instagram.com/coach_hccc/
ffforce__ https://www.instagram.com/ffforce__/
mr_patriarche_fred https://www.instagram.com/mr_patriarche_fred/
fitnessparkmontreuil https://www.instagram.com/fitnessparkmontreuil/
workoutbyjulie https://www.instagram.com/workoutbyjulie/
master.coach_ https://www.instagram.com/master.coach_/
sebastien_le_maraisien_04 https://www.instagram.com/sebastien_le_maraisien_04/
instagiagia https://www.instagram.com/instagiagia/
ophelieissner https://www.instagram.com/ophelieissner/
fitnessparkpantin https://www.instagram.com/fitnessparkpantin/
sante.body.strategie https://www.instagram.com/sante.body.strategie/
cathyphatien https://www.instagram.com/cathyphatien/
fitnessparklognes https://www.instagram.com/fitnessparklognes/
chefcostaud_motivation https://www.instagram.com/chefcostaud_motivation/
gladysbasic https://www.instagram.com/gladysbasic/
julia.__567 https://www.instagram.com/julia.__567/
_lady_m https://www.instagram.com/_lady_m/
sousakeitiany https://www.instagram.com/sousakeitiany/
cocoach84 https://www.instagram.com/cocoach84/
simone.lima.coach https://www.instagram.com/simone.lima.coach/
for_ever.aloevera https://www.instagram.com/for_ever.aloevera/
jpav._ https://www.instagram.com/jpav._/
tomoki1490254 https://www.instagram.com/tomoki1490254/
ferrari.hood https://www.instagram.com/ferrari.hood/
348enzo https://www.instagram.com/348enzo/
carskeen https://www.instagram.com/carskeen/
ultimastaccataf1 https://www.instagram.com/ultimastaccataf1/
iliasabawi https://www.instagram.com/iliasabawi/
carskeen https://www.instagram.com/carskeen/
dallas_leap https://www.instagram.com/dallas_leap/
petrol_union https://www.instagram.com/petrol_union/
davidesign_ita https://www.instagram.com/davidesign_ita/
bmwsp.arts https://www.instagram.com/bmwsp.arts/
supercarsofpakistan2022 https://www.instagram.com/supercarsofpakistan2022/
dogandthecity_napoli https://www.instagram.com/dogandthecity_napoli/
carloverrs_heart https://www.instagram.com/carloverrs_heart/
the_smg_collection https://www.instagram.com/the_smg_collection/
voituredemode https://www.instagram.com/voituredemode/
avtosales_tj https://www.instagram.com/avtosales_tj/
car._revs https://www.instagram.com/car._revs/
meme4speed https://www.instagram.com/meme4speed/
out.of.fuel https://www.instagram.com/out.of.fuel/
kanoyoshinori https://www.instagram.com/kanoyoshinori/
car._revs https://www.instagram.com/car._revs/
automobilum https://www.instagram.com/automobilum/
mygtr_35 https://www.instagram.com/mygtr_35/
dans_hotwheels_customs https://www.instagram.com/dans_hotwheels_customs/
muchu_099 https://www.instagram.com/muchu_099/
bmwsp.arts https://www.instagram.com/bmwsp.arts/
supercarweek https://www.instagram.com/supercarweek/
thehartgroup_scott https://www.instagram.com/thehartgroup_scott/
car._revs https://www.instagram.com/car._revs/
supercarweek https://www.instagram.com/supercarweek/
libertywalknation https://www.instagram.com/libertywalknation/
luis_experiences https://www.instagram.com/luis_experiences/
les.solutions.mv https://www.instagram.com/les.solutions.mv/
luis_experiences https://www.instagram.com/luis_experiences/
cadcam_data https://www.instagram.com/cadcam_data/
terryexpress_officiel https://www.instagram.com/terryexpress_officiel/
bouissar https://www.instagram.com/bouissar/
skoazeller https://www.instagram.com/skoazeller/
luis_experiences https://www.instagram.com/luis_experiences/
van_kessel_milheeze https://www.instagram.com/van_kessel_milheeze/
luis_experiences https://www.instagram.com/luis_experiences/
terryexpress_officiel https://www.instagram.com/terryexpress_officiel/
celineb.obm https://www.instagram.com/celineb.obm/
